<?xml version="1.0" standalone="no" ?>

<manifest identifier="com.scorm.golfsamples.sequencing.posttestrollup4thEd.20044th" version="1"
                  xmlns = "http://www.imsglobal.org/xsd/imscp_v1p1"
                  xmlns:adlcp = "http://www.adlnet.org/xsd/adlcp_v1p3"
                  xmlns:adlseq = "http://www.adlnet.org/xsd/adlseq_v1p3"
                  xmlns:adlnav = "http://www.adlnet.org/xsd/adlnav_v1p3"
                  xmlns:imsss = "http://www.imsglobal.org/xsd/imsss"
                  xmlns:xsi = "http://www.w3.org/2001/XMLSchema-instance"
                  xsi:schemaLocation = "http://www.imsglobal.org/xsd/imscp_v1p1 imscp_v1p1.xsd
                                       http://www.adlnet.org/xsd/adlcp_v1p3 adlcp_v1p3.xsd
                                       http://www.adlnet.org/xsd/adlseq_v1p3 adlseq_v1p3.xsd
                                       http://www.adlnet.org/xsd/adlnav_v1p3 adlnav_v1p3.xsd
                                       http://www.imsglobal.org/xsd/imsss imsss_v1p0.xsd" >
  <metadata>
    <schema>ADL SCORM</schema>
    <schemaversion>2004 4th Edition</schemaversion>
  </metadata>
  
  <organizations default="ORG-1">
  
    <!-- When using shared data, be explicit about limiting the data to this course vs making it global to the system-->
    <organization identifier="ORG-1">
      <title>Basic Scorm 2004 Couse</title>

      <item identifier="SCO1" identifierref="RESOURCE1">
        <title>Crear Ejercicios</title>
      </item>
    </organization>
  </organizations>
  <resources>
    <resource identifier="RESOURCE1" adlcp:scormType="sco" href="dist/index.html#/crear-ejercicios">
      <file href="dist/index.html"/>
      <file href="dist/assets/__vite-browser-external-FmFgRqLi.js"/>
      <file href="dist/assets/index-D6o9lrWo.css"/>
      <file href="dist/assets/index-DLTHttgQ.js"/>
      <file href="dist/assets/index-DMqswg9L.js"/>
      <file href="dist/vite.svg"/>
      <file href="dist/python1.png"/>
    </resource>
  </resources>
</manifest>
